{"cameraMode":{"drawMode":0,"name":"Shaded","section":"Shading Mode"},"sceneLighting":false,"audioPlay":false,"sceneViewState":{"m_AlwaysRefresh":false,"showFog":true,"showSkybox":false,"showFlares":true,"showImageEffects":true,"showParticleSystems":true,"showVisualEffectGraphs":true,"m_FxEnabled":true},"in2DMode":false,"pivot":{"x":-0.012882217764854432,"y":0.007693864405155182,"z":-0.005213342607021332},"rotation":{"x":0.18818506598472596,"y":-0.5544583797454834,"z":0.13040564954280854,"w":0.800105094909668},"size":0.13422009348869325,"orthographic":true}