{"cameraMode":{"drawMode":0,"name":"Shaded","section":"Shading Mode"},"sceneLighting":false,"audioPlay":false,"sceneViewState":{"m_AlwaysRefresh":false,"showFog":true,"showSkybox":false,"showFlares":true,"showImageEffects":true,"showParticleSystems":true,"showVisualEffectGraphs":true,"m_FxEnabled":true},"in2DMode":false,"pivot":{"x":-0.025473445653915407,"y":0.5930681228637695,"z":1.6707364320755005},"rotation":{"x":0.32074832916259768,"y":0.2751617729663849,"z":-0.09795492887496948,"w":0.9010071754455566},"size":0.6739161610603333,"orthographic":true}