{"cameraMode":{"drawMode":0,"name":"Shaded","section":"Shading Mode"},"sceneLighting":true,"audioPlay":false,"sceneViewState":{"m_AlwaysRefresh":false,"showFog":true,"showSkybox":true,"showFlares":true,"showImageEffects":true,"showParticleSystems":true,"showVisualEffectGraphs":true,"m_FxEnabled":true},"in2DMode":false,"pivot":{"x":-1.895349144935608,"y":-0.4307767152786255,"z":2.014897584915161},"rotation":{"x":0.450820654630661,"y":0.006694604642689228,"z":-0.003381399903446436,"w":0.8925849199295044},"size":5.359441757202148,"orthographic":true}