{"cameraMode":{"drawMode":0,"name":"Shaded","section":"Shading Mode"},"sceneLighting":false,"audioPlay":false,"sceneViewState":{"m_AlwaysRefresh":false,"showFog":true,"showSkybox":false,"showFlares":true,"showImageEffects":true,"showParticleSystems":true,"showVisualEffectGraphs":true,"m_FxEnabled":true},"in2DMode":false,"pivot":{"x":0.06951379776000977,"y":-0.032455138862133029,"z":0.06066136434674263},"rotation":{"x":-0.2621687650680542,"y":-0.7356134057044983,"z":0.4065316319465637,"w":-0.4742848575115204},"size":0.18256455659866334,"orthographic":false}