{"cameraMode":{"drawMode":0,"name":"Shaded","section":"Shading Mode"},"sceneLighting":false,"audioPlay":false,"sceneViewState":{"m_AlwaysRefresh":false,"showFog":true,"showSkybox":false,"showFlares":true,"showImageEffects":true,"showParticleSystems":true,"showVisualEffectGraphs":true,"m_FxEnabled":true},"in2DMode":false,"pivot":{"x":0.003000000026077032,"y":0.35600000619888308,"z":0.8370000123977661},"rotation":{"x":0.2814558148384094,"y":0.07446448504924774,"z":-0.021913211792707444,"w":0.9564312100410461},"size":8.317895889282227,"orthographic":true}