{"cameraMode":{"drawMode":0,"name":"Shaded","section":"Shading Mode"},"sceneLighting":true,"audioPlay":false,"sceneViewState":{"m_AlwaysRefresh":false,"showFog":true,"showSkybox":true,"showFlares":true,"showImageEffects":true,"showParticleSystems":true,"showVisualEffectGraphs":true,"m_FxEnabled":true},"in2DMode":false,"pivot":{"x":-0.5785049796104431,"y":1.6681907176971436,"z":2.451838254928589},"rotation":{"x":0.24596741795539857,"y":-0.18899819254875184,"z":0.04896445572376251,"w":0.9494116902351379},"size":2.634711265563965,"orthographic":true}