{"cameraMode":{"drawMode":0,"name":"Shaded","section":"Shading Mode"},"sceneLighting":true,"audioPlay":false,"sceneViewState":{"m_AlwaysRefresh":false,"showFog":true,"showSkybox":true,"showFlares":true,"showImageEffects":true,"showParticleSystems":true,"showVisualEffectGraphs":true,"m_FxEnabled":true},"in2DMode":false,"pivot":{"x":-2.5972325801849367,"y":0.9709478616714478,"z":2.299917697906494},"rotation":{"x":0.04493940621614456,"y":-0.04493916779756546,"z":0.0020236438140273096,"w":0.9979768991470337},"size":1.5179858207702637,"orthographic":true}