{"cameraMode":{"drawMode":0,"name":"Shaded","section":"Shading Mode"},"sceneLighting":true,"audioPlay":false,"sceneViewState":{"m_AlwaysRefresh":false,"showFog":true,"showSkybox":true,"showFlares":true,"showImageEffects":true,"showParticleSystems":true,"showVisualEffectGraphs":true,"m_FxEnabled":true},"in2DMode":false,"pivot":{"x":1.3549456596374512,"y":0.9275400638580322,"z":-4.11961030960083},"rotation":{"x":0.26648882031440737,"y":-0.35278263688087466,"z":0.10554300248622894,"w":0.8907427191734314},"size":1.772850513458252,"orthographic":true}