{"cameraMode":{"drawMode":0,"name":"Shaded","section":"Shading Mode"},"sceneLighting":true,"audioPlay":false,"sceneViewState":{"m_AlwaysRefresh":false,"showFog":true,"showSkybox":true,"showFlares":true,"showImageEffects":true,"showParticleSystems":true,"showVisualEffectGraphs":true,"m_FxEnabled":true},"in2DMode":false,"pivot":{"x":-0.1129460334777832,"y":0.6963272094726563,"z":-0.7651896476745606},"rotation":{"x":0.4268966615200043,"y":0.15813513100147248,"z":-0.07609691470861435,"w":0.8871415257453919},"size":7.431555271148682,"orthographic":true}