{"cameraMode":{"drawMode":0,"name":"Shaded","section":"Shading Mode"},"sceneLighting":true,"audioPlay":false,"sceneViewState":{"m_AlwaysRefresh":false,"showFog":true,"showSkybox":true,"showFlares":true,"showImageEffects":true,"showParticleSystems":true,"showVisualEffectGraphs":true,"m_FxEnabled":true},"in2DMode":false,"pivot":{"x":2.5199999809265138,"y":0.1599999964237213,"z":3.8499999046325685},"rotation":{"x":0.4395071864128113,"y":0.1325429379940033,"z":-0.06575067341327667,"w":0.8859739899635315},"size":1.1447712182998658,"orthographic":true}