{"cameraMode":{"drawMode":0,"name":"Shaded","section":"Shading Mode"},"sceneLighting":true,"audioPlay":false,"sceneViewState":{"m_AlwaysRefresh":false,"showFog":true,"showSkybox":true,"showFlares":true,"showImageEffects":true,"showParticleSystems":true,"showVisualEffectGraphs":true,"m_FxEnabled":true},"in2DMode":false,"pivot":{"x":-2.4491400718688967,"y":0.44938135147094729,"z":-0.0870656967163086},"rotation":{"x":0.32153797149658205,"y":0.24062640964984895,"z":-0.08484791219234467,"w":0.9118741154670715},"size":4.934534549713135,"orthographic":true}