{"cameraMode":{"drawMode":0,"name":"Shaded","section":"Shading Mode"},"sceneLighting":true,"audioPlay":false,"sceneViewState":{"m_AlwaysRefresh":false,"showFog":true,"showSkybox":true,"showFlares":true,"showImageEffects":true,"showParticleSystems":true,"showVisualEffectGraphs":true,"m_FxEnabled":true},"in2DMode":false,"pivot":{"x":0.1379239559173584,"y":0.4169456958770752,"z":1.530202031135559},"rotation":{"x":0.3499044179916382,"y":0.12591680884361268,"z":-0.047540370374917987,"w":0.9270802140235901},"size":3.60646653175354,"orthographic":true}