{"cameraMode":{"drawMode":0,"name":"Shaded","section":"Shading Mode"},"sceneLighting":true,"audioPlay":false,"sceneViewState":{"m_AlwaysRefresh":false,"showFog":true,"showSkybox":true,"showFlares":true,"showImageEffects":true,"showParticleSystems":true,"showVisualEffectGraphs":true,"m_FxEnabled":true},"in2DMode":false,"pivot":{"x":1.8403058052062989,"y":0.7906930446624756,"z":-2.339425802230835},"rotation":{"x":0.32153797149658205,"y":0.24062640964984895,"z":-0.08484791219234467,"w":0.9118741154670715},"size":1.512681007385254,"orthographic":true}